<?xml version="1.0" encoding="UTF-8"?>
<project-private xmlns="http://www.netbeans.org/ns/project-private/1">
    <editor-bookmarks xmlns="http://www.netbeans.org/ns/editor-bookmarks/2" lastBookmarkId="0"/>
    <open-files xmlns="http://www.netbeans.org/ns/projectui-open-files/2">
        <group>
            <file>file:/C:/Users/sala-406/Documents/NetBeansProjects/ProyectoChat81/src/proyectochat81/ProyectoChat81.java</file>
            <file>file:/C:/Users/sala-406/Documents/NetBeansProjects/ProyectoChat81/src/proyectochat81/Cliente.java</file>
            <file>file:/C:/Users/sala-406/Documents/NetBeansProjects/ProyectoChat81/src/proyectochat81/FrmUsuario2.java</file>
            <file>file:/C:/Users/sala-406/Documents/NetBeansProjects/ProyectoChat81/src/proyectochat81/FrmUsuario1.java</file>
            <file>file:/C:/Users/sala-406/Documents/NetBeansProjects/ProyectoChat81/src/proyectochat81/Servidor.java</file>
        </group>
    </open-files>
</project-private>
